               epoch,      train/box_loss,      train/obj_loss,      train/cls_loss,   metrics/precision,      metrics/recall,     metrics/mAP_0.5,metrics/mAP_0.5:0.95,        val/box_loss,        val/obj_loss,        val/cls_loss,               x/lr0,               x/lr1,               x/lr2
                   0,            0.094331,             0.05518,            0.036184,           0.0012857,             0.17763,           0.0010363,          0.00028923,            0.065865,            0.031552,            0.028107,              0.0748,              0.0028,              0.0028
                   1,            0.078009,            0.062497,            0.031595,           0.0013175,             0.18202,           0.0022887,          0.00056718,             0.06425,             0.03087,            0.026291,            0.048689,           0.0056887,           0.0056887
                   2,            0.070687,            0.063943,             0.02868,           0.0045157,             0.37745,            0.014869,           0.0034802,            0.055771,            0.030972,            0.025994,            0.022566,           0.0085659,           0.0085659
                   3,            0.066402,            0.064733,            0.026701,             0.39052,             0.16854,            0.055333,            0.018257,            0.047244,            0.028796,            0.021344,           0.0099406,           0.0099406,           0.0099406
                   4,            0.061241,             0.06025,             0.02538,               0.388,              0.2902,            0.061865,            0.019463,            0.045819,            0.041692,            0.022474,           0.0099406,           0.0099406,           0.0099406
                   5,            0.058314,            0.059664,            0.024097,             0.43719,              0.1106,            0.094524,            0.041259,            0.044357,             0.04205,            0.021628,           0.0099208,           0.0099208,           0.0099208
                   6,             0.05646,            0.057408,            0.023266,             0.46269,             0.33851,             0.13533,            0.058525,            0.042398,            0.049648,            0.019717,            0.009901,            0.009901,            0.009901
                   7,            0.053886,              0.0574,            0.022952,             0.48561,             0.22426,             0.16081,            0.058279,            0.042838,            0.045514,             0.01779,           0.0098812,           0.0098812,           0.0098812
                   8,            0.053195,            0.056265,             0.02205,             0.51753,             0.21812,             0.15423,             0.05997,            0.041807,            0.029109,            0.020107,           0.0098614,           0.0098614,           0.0098614
                   9,            0.050484,            0.054384,             0.02109,             0.60913,             0.31817,             0.30516,             0.12414,            0.037693,            0.024135,            0.017293,           0.0098416,           0.0098416,           0.0098416
                  10,            0.049936,            0.054746,            0.021202,             0.61805,             0.33314,             0.29592,             0.12695,            0.035789,            0.027054,            0.018001,           0.0098218,           0.0098218,           0.0098218
                  11,            0.048649,             0.05268,            0.019481,             0.62368,             0.35558,             0.34336,             0.15071,            0.032608,            0.021736,            0.021764,            0.009802,            0.009802,            0.009802
                  12,            0.048072,            0.052547,            0.018537,             0.62475,             0.30324,             0.27119,              0.1298,            0.036009,            0.028427,            0.013764,           0.0097822,           0.0097822,           0.0097822
                  13,            0.047912,             0.05069,            0.017938,             0.72007,             0.32066,             0.38884,             0.16499,            0.034971,            0.022096,            0.014554,           0.0097624,           0.0097624,           0.0097624
                  14,            0.048183,            0.053205,            0.017047,             0.73117,             0.37529,             0.40958,              0.1997,            0.030814,            0.022608,            0.012389,           0.0097426,           0.0097426,           0.0097426
                  15,            0.046568,            0.050784,            0.016587,             0.66186,             0.36734,             0.38284,             0.19089,            0.033219,            0.023606,            0.017246,           0.0097228,           0.0097228,           0.0097228
                  16,            0.045893,            0.051264,            0.016645,             0.63171,             0.37545,             0.37078,             0.17736,            0.032128,            0.025104,             0.01705,            0.009703,            0.009703,            0.009703
                  17,            0.045594,            0.051356,            0.015788,             0.43108,             0.48551,             0.41057,             0.19328,            0.030929,            0.023334,             0.01383,           0.0096832,           0.0096832,           0.0096832
                  18,            0.044945,            0.051159,            0.015345,             0.67373,             0.34988,             0.39518,             0.18175,            0.034868,            0.027694,            0.015817,           0.0096634,           0.0096634,           0.0096634
                  19,            0.044601,               0.051,            0.014726,             0.66492,             0.42531,             0.46291,             0.24603,            0.028504,            0.021802,            0.016438,           0.0096436,           0.0096436,           0.0096436
                  20,            0.043777,            0.050372,            0.014142,             0.47096,             0.49639,             0.52695,             0.27881,            0.028577,            0.020675,            0.015096,           0.0096238,           0.0096238,           0.0096238
                  21,            0.043667,            0.048841,            0.013349,             0.41323,             0.58282,              0.4993,              0.2611,            0.027624,            0.020823,            0.013117,            0.009604,            0.009604,            0.009604
                  22,            0.041848,            0.049448,            0.012093,             0.43118,             0.49743,             0.50222,             0.23711,            0.032319,             0.02129,            0.017933,           0.0095842,           0.0095842,           0.0095842
                  23,            0.042104,            0.048737,             0.01252,             0.65421,             0.48507,             0.57094,             0.29562,            0.029186,            0.027238,            0.016977,           0.0095644,           0.0095644,           0.0095644
                  24,            0.042455,            0.048848,            0.013552,             0.54857,             0.51972,             0.56164,             0.27141,            0.028689,            0.021141,            0.013387,           0.0095446,           0.0095446,           0.0095446
                  25,            0.041205,            0.048587,            0.011802,             0.51574,             0.62738,             0.63824,              0.3166,            0.027166,            0.019774,            0.016748,           0.0095248,           0.0095248,           0.0095248
                  26,            0.040993,            0.047311,            0.011612,             0.69126,             0.51169,             0.57717,             0.28214,            0.030347,            0.019848,            0.014207,            0.009505,            0.009505,            0.009505
                  27,             0.04213,             0.04528,            0.011388,              0.4339,             0.53324,             0.51939,             0.26185,            0.027139,            0.026765,            0.013137,           0.0094852,           0.0094852,           0.0094852
                  28,            0.041275,            0.046977,            0.011292,             0.67032,             0.52527,             0.63818,             0.36797,            0.028632,            0.019451,            0.016522,           0.0094654,           0.0094654,           0.0094654
                  29,            0.041017,            0.048681,            0.010566,             0.69767,             0.46901,             0.56256,              0.3064,            0.028458,            0.019173,            0.016522,           0.0094456,           0.0094456,           0.0094456
                  30,            0.041484,            0.046153,            0.010038,               0.582,              0.5706,             0.56456,             0.32415,             0.02844,            0.020126,            0.019672,           0.0094258,           0.0094258,           0.0094258
                  31,            0.039517,             0.04551,             0.01057,              0.5579,             0.57662,             0.58508,             0.29699,            0.028364,            0.019227,             0.01575,            0.009406,            0.009406,            0.009406
                  32,            0.040061,            0.046778,            0.010615,             0.62083,             0.60485,             0.58869,              0.3166,             0.02506,            0.022174,            0.012831,           0.0093862,           0.0093862,           0.0093862
                  33,            0.039283,            0.046317,            0.010627,             0.48672,             0.62399,             0.58344,             0.30435,            0.027411,            0.022855,            0.017335,           0.0093664,           0.0093664,           0.0093664
                  34,            0.038989,            0.046062,              0.0106,             0.56369,             0.68698,             0.63908,             0.33795,            0.030325,            0.020162,            0.012432,           0.0093466,           0.0093466,           0.0093466
                  35,            0.038761,            0.044465,           0.0096993,             0.59475,               0.574,             0.64787,             0.38535,            0.027433,            0.018886,            0.015073,           0.0093268,           0.0093268,           0.0093268
                  36,            0.038777,            0.045026,           0.0095141,              0.6463,             0.50229,             0.58284,             0.32666,            0.027974,            0.019954,            0.016383,            0.009307,            0.009307,            0.009307
                  37,            0.039522,            0.045042,           0.0093374,             0.58919,             0.64926,             0.67995,             0.34998,            0.028486,            0.019623,            0.013662,           0.0092872,           0.0092872,           0.0092872
                  38,            0.039197,            0.046364,           0.0090526,             0.70081,             0.63447,              0.6902,             0.38102,            0.028732,            0.021664,            0.011411,           0.0092674,           0.0092674,           0.0092674
                  39,             0.03792,            0.045392,           0.0088971,             0.68553,              0.4958,             0.62044,             0.36048,            0.026552,            0.018986,            0.014389,           0.0092476,           0.0092476,           0.0092476
                  40,            0.037856,            0.045116,           0.0085956,             0.62761,             0.50221,             0.57846,             0.31814,            0.026712,            0.019698,            0.019514,           0.0092278,           0.0092278,           0.0092278
                  41,            0.037414,            0.044522,            0.007848,             0.70511,             0.59938,             0.66548,             0.35644,            0.025831,            0.019478,            0.015054,            0.009208,            0.009208,            0.009208
                  42,            0.037527,            0.043168,           0.0083357,             0.65568,             0.62704,             0.65821,             0.38295,            0.028082,            0.020289,            0.011186,           0.0091882,           0.0091882,           0.0091882
                  43,            0.037437,            0.043045,           0.0080622,             0.71702,             0.61073,             0.67974,             0.39392,            0.026978,            0.019527,            0.010496,           0.0091684,           0.0091684,           0.0091684
                  44,            0.037428,            0.044627,           0.0084213,             0.66135,             0.58899,             0.63258,             0.32858,            0.032895,            0.019279,            0.011589,           0.0091486,           0.0091486,           0.0091486
                  45,            0.036922,            0.043806,           0.0077153,             0.60081,             0.63612,             0.63547,             0.37385,             0.02549,            0.019318,            0.010014,           0.0091288,           0.0091288,           0.0091288
                  46,            0.037454,            0.043741,           0.0078243,             0.61697,             0.69902,             0.68409,             0.41728,            0.025433,            0.019379,           0.0090285,            0.009109,            0.009109,            0.009109
                  47,            0.036164,            0.043075,           0.0079883,             0.63698,             0.63793,             0.65292,             0.34739,            0.030226,            0.019856,            0.018024,           0.0090892,           0.0090892,           0.0090892
                  48,            0.037177,            0.042713,           0.0073362,             0.70689,             0.58524,             0.63709,             0.39223,            0.025979,            0.019619,             0.01146,           0.0090694,           0.0090694,           0.0090694
                  49,            0.036885,            0.043466,           0.0078727,             0.65854,             0.58273,              0.6433,             0.37064,            0.026626,            0.019915,            0.009178,           0.0090496,           0.0090496,           0.0090496
                  50,            0.036676,            0.043936,           0.0078006,             0.62438,             0.56702,             0.61581,             0.35353,            0.030938,            0.020124,           0.0093088,           0.0090298,           0.0090298,           0.0090298
                  51,            0.036492,            0.042471,           0.0072245,             0.76087,             0.55492,              0.6747,             0.37437,            0.028598,            0.020192,            0.010352,             0.00901,             0.00901,             0.00901
                  52,            0.035295,             0.04228,             0.00692,              0.7585,             0.50081,             0.64386,             0.38449,            0.026276,            0.019625,            0.012555,           0.0089902,           0.0089902,           0.0089902
                  53,            0.035585,            0.042331,           0.0076078,             0.74232,             0.65024,             0.70649,             0.42637,            0.025449,            0.019975,            0.013376,           0.0089704,           0.0089704,           0.0089704
                  54,            0.035788,            0.040465,           0.0071276,              0.5566,             0.72664,             0.64445,             0.39194,            0.025553,            0.019007,            0.017997,           0.0089506,           0.0089506,           0.0089506
                  55,            0.036004,            0.042104,           0.0070662,             0.58205,             0.63167,              0.6434,             0.37649,             0.02563,            0.021404,           0.0098682,           0.0089308,           0.0089308,           0.0089308
                  56,            0.035782,            0.040616,           0.0073027,             0.68572,             0.59703,             0.64991,             0.37786,            0.028248,            0.019916,            0.013114,            0.008911,            0.008911,            0.008911
                  57,            0.035052,            0.040663,           0.0063075,             0.71081,             0.60835,              0.6822,             0.39615,            0.028261,             0.01926,            0.011469,           0.0088912,           0.0088912,           0.0088912
                  58,            0.034103,            0.042345,           0.0066704,             0.63434,             0.67247,             0.68679,               0.408,            0.025954,            0.020368,            0.009903,           0.0088714,           0.0088714,           0.0088714
                  59,            0.034657,             0.04095,           0.0063062,             0.55478,             0.71892,             0.69824,             0.42062,            0.025689,            0.019266,            0.010365,           0.0088516,           0.0088516,           0.0088516
                  60,             0.03458,            0.040095,             0.00682,             0.66068,             0.65812,             0.68686,             0.42168,            0.024933,            0.018807,            0.021637,           0.0088318,           0.0088318,           0.0088318
                  61,            0.033794,            0.039525,           0.0060903,             0.77036,             0.65865,             0.72619,             0.42908,            0.024548,            0.019338,            0.015169,            0.008812,            0.008812,            0.008812
                  62,             0.03402,            0.039342,           0.0065364,             0.62649,             0.60675,             0.65985,             0.35931,            0.027066,            0.018976,            0.016127,           0.0087922,           0.0087922,           0.0087922
                  63,            0.034309,            0.040215,           0.0059183,             0.58366,             0.49778,              0.6091,             0.36799,            0.026197,            0.018776,           0.0089686,           0.0087724,           0.0087724,           0.0087724
                  64,            0.033941,            0.040898,           0.0060612,             0.69345,             0.59352,             0.69132,             0.43134,            0.025768,            0.019181,            0.011457,           0.0087526,           0.0087526,           0.0087526
                  65,            0.033984,            0.040176,           0.0063857,             0.66006,             0.64284,             0.67475,             0.39493,             0.02513,            0.019807,            0.023178,           0.0087328,           0.0087328,           0.0087328
                  66,            0.033837,            0.038836,           0.0057342,             0.64307,             0.66265,             0.68202,             0.41678,            0.025477,            0.018844,            0.012274,            0.008713,            0.008713,            0.008713
                  67,            0.033001,              0.0372,           0.0063225,             0.62172,             0.56216,             0.63459,             0.39589,            0.025951,            0.021026,            0.011456,           0.0086932,           0.0086932,           0.0086932
                  68,            0.034246,            0.039048,           0.0059279,             0.67221,             0.63558,             0.67407,             0.40368,            0.026392,            0.019801,            0.014021,           0.0086734,           0.0086734,           0.0086734
                  69,            0.033207,            0.039014,           0.0051569,             0.70275,             0.65132,             0.69606,             0.39118,            0.026307,            0.020791,            0.011224,           0.0086536,           0.0086536,           0.0086536
                  70,            0.033737,             0.03834,           0.0058328,             0.62039,             0.56029,             0.59353,             0.36057,            0.025045,            0.022506,            0.019165,           0.0086338,           0.0086338,           0.0086338
                  71,            0.033656,            0.038042,           0.0060435,             0.72314,             0.63064,             0.69656,              0.4308,            0.024961,            0.019386,            0.013242,            0.008614,            0.008614,            0.008614
                  72,            0.033137,            0.039723,           0.0060381,             0.57874,             0.63987,             0.64752,             0.37686,              0.0279,            0.020082,            0.017567,           0.0085942,           0.0085942,           0.0085942
                  73,            0.033649,             0.03848,           0.0054272,             0.69261,             0.62146,             0.66628,             0.37366,            0.026316,            0.019332,            0.022748,           0.0085744,           0.0085744,           0.0085744
                  74,            0.033868,            0.039887,           0.0053251,             0.74338,             0.63502,             0.70906,              0.4168,            0.026143,            0.019929,            0.010899,           0.0085546,           0.0085546,           0.0085546
                  75,            0.032938,            0.038318,           0.0053741,             0.76564,             0.64109,             0.71725,             0.44938,            0.025124,            0.019013,           0.0086238,           0.0085348,           0.0085348,           0.0085348
                  76,            0.032472,            0.036245,           0.0054308,             0.57562,             0.64552,             0.61586,             0.40985,            0.025554,            0.020811,            0.014672,            0.008515,            0.008515,            0.008515
                  77,            0.032774,            0.040476,           0.0055067,             0.75023,             0.62433,             0.70912,             0.43527,            0.026212,            0.020811,            0.018821,           0.0084952,           0.0084952,           0.0084952
                  78,            0.031976,            0.036411,           0.0052926,             0.70729,             0.66102,             0.72822,             0.42698,            0.025945,            0.019832,            0.010795,           0.0084754,           0.0084754,           0.0084754
                  79,            0.032742,            0.039836,            0.005199,              0.6796,             0.58035,             0.69024,             0.44748,            0.025163,             0.01952,            0.015051,           0.0084556,           0.0084556,           0.0084556
                  80,            0.031502,            0.037858,           0.0054382,              0.6574,             0.63714,             0.68974,             0.43996,            0.025209,            0.019925,            0.010301,           0.0084358,           0.0084358,           0.0084358
                  81,            0.031188,            0.036793,           0.0047068,             0.63705,             0.56426,             0.61663,             0.38492,             0.02615,            0.020478,            0.024316,            0.008416,            0.008416,            0.008416
                  82,            0.033036,            0.036173,           0.0052935,             0.73139,             0.64571,             0.69272,              0.4305,            0.025368,            0.021171,            0.014632,           0.0083962,           0.0083962,           0.0083962
                  83,            0.032567,            0.036638,           0.0055571,             0.70099,             0.65996,             0.67869,             0.41108,            0.027196,            0.019679,            0.017001,           0.0083764,           0.0083764,           0.0083764
                  84,            0.031041,            0.036017,           0.0049819,             0.68782,              0.6168,             0.69456,              0.3961,             0.02661,            0.019244,            0.012559,           0.0083566,           0.0083566,           0.0083566
                  85,             0.03092,            0.035773,            0.005324,              0.5959,             0.64019,             0.65889,             0.41341,            0.025492,            0.020397,            0.021631,           0.0083368,           0.0083368,           0.0083368
                  86,            0.032102,            0.038168,           0.0055479,             0.65651,             0.63802,             0.68109,             0.43261,            0.025147,            0.019514,             0.01778,            0.008317,            0.008317,            0.008317
                  87,            0.031328,            0.037339,           0.0048133,              0.6287,             0.66152,             0.68314,             0.40994,            0.027086,            0.020575,            0.019706,           0.0082972,           0.0082972,           0.0082972
                  88,            0.031485,            0.035621,           0.0051486,             0.72677,             0.59528,             0.68581,             0.43538,            0.025158,            0.019488,            0.012163,           0.0082774,           0.0082774,           0.0082774
                  89,            0.031454,            0.035851,           0.0049209,             0.76977,             0.61193,             0.69309,             0.43708,            0.026156,            0.020488,             0.01055,           0.0082576,           0.0082576,           0.0082576
                  90,            0.031189,            0.035898,           0.0047203,             0.65833,             0.67532,             0.69994,             0.43114,            0.027915,            0.020073,            0.012959,           0.0082378,           0.0082378,           0.0082378
                  91,            0.030545,            0.036372,           0.0044978,             0.64074,             0.62335,             0.66928,             0.39027,            0.026495,            0.019468,            0.015641,            0.008218,            0.008218,            0.008218
                  92,            0.031364,             0.03646,           0.0049019,             0.74201,             0.58107,             0.67501,             0.42431,            0.027269,            0.020332,            0.014919,           0.0081982,           0.0081982,           0.0081982
                  93,            0.030644,            0.035648,           0.0052833,             0.65272,             0.60151,             0.66339,             0.40878,            0.024977,            0.021056,            0.014666,           0.0081784,           0.0081784,           0.0081784
                  94,            0.030163,            0.035533,           0.0050259,             0.67903,             0.69434,             0.68465,             0.43889,            0.025119,            0.020017,             0.02192,           0.0081586,           0.0081586,           0.0081586
                  95,            0.030532,            0.036678,           0.0051241,             0.66827,              0.6215,             0.66558,             0.40188,             0.02505,             0.02043,            0.014878,           0.0081388,           0.0081388,           0.0081388
                  96,             0.03141,             0.03553,           0.0046332,             0.64473,             0.63632,              0.6523,             0.38479,            0.026069,            0.023189,            0.014646,            0.008119,            0.008119,            0.008119
                  97,              0.0297,            0.034929,           0.0045812,             0.68508,             0.62296,             0.66147,             0.41884,            0.025199,            0.019656,             0.01481,           0.0080992,           0.0080992,           0.0080992
                  98,            0.030628,            0.036842,           0.0050486,             0.57531,             0.65975,              0.6441,             0.38747,            0.026827,            0.020626,            0.015593,           0.0080794,           0.0080794,           0.0080794
                  99,            0.030617,            0.036148,           0.0044743,             0.78054,               0.592,               0.698,             0.43188,            0.024143,            0.019222,            0.016398,           0.0080596,           0.0080596,           0.0080596
                 100,            0.031114,            0.036035,           0.0048272,             0.66353,             0.60544,             0.62912,             0.36253,            0.027255,            0.020917,            0.015321,           0.0080398,           0.0080398,           0.0080398
                 101,            0.030497,            0.034534,           0.0043679,              0.7624,             0.53099,             0.63231,             0.37581,            0.028014,            0.021084,            0.014402,             0.00802,             0.00802,             0.00802
                 102,            0.030418,            0.035492,           0.0042184,             0.71867,             0.67016,             0.69182,             0.41697,            0.025989,            0.019785,            0.010904,           0.0080002,           0.0080002,           0.0080002
                 103,              0.0294,            0.034845,           0.0043979,             0.71959,             0.64794,             0.69625,             0.44359,            0.024534,            0.019981,            0.010716,           0.0079804,           0.0079804,           0.0079804
                 104,            0.030164,            0.034679,           0.0042764,             0.58627,             0.68272,             0.68951,             0.43414,            0.025899,            0.019607,            0.018386,           0.0079606,           0.0079606,           0.0079606
                 105,            0.029542,            0.035151,           0.0043276,             0.61665,             0.69431,             0.67864,             0.44142,            0.023796,             0.01975,            0.015119,           0.0079408,           0.0079408,           0.0079408
                 106,            0.029512,            0.034848,           0.0044019,               0.608,             0.73497,             0.67471,             0.42799,            0.025412,            0.019889,            0.017849,            0.007921,            0.007921,            0.007921
                 107,            0.030105,            0.034322,           0.0046395,             0.70044,             0.66894,             0.68035,             0.42738,            0.024364,             0.02028,            0.013467,           0.0079012,           0.0079012,           0.0079012
                 108,            0.029355,            0.034033,           0.0044473,             0.67096,             0.67742,             0.65907,             0.41184,            0.025779,            0.020194,              0.0179,           0.0078814,           0.0078814,           0.0078814
                 109,            0.030554,            0.035047,           0.0042964,             0.68812,             0.64531,             0.66676,             0.41251,            0.026061,            0.020545,            0.013096,           0.0078616,           0.0078616,           0.0078616
                 110,            0.030287,            0.034263,           0.0041553,             0.66224,             0.65453,             0.68063,             0.43729,            0.025587,            0.021373,            0.019837,           0.0078418,           0.0078418,           0.0078418
                 111,            0.028759,             0.03434,           0.0041475,             0.60794,             0.65865,             0.64856,             0.40945,            0.025387,             0.02034,            0.020829,            0.007822,            0.007822,            0.007822
                 112,            0.029031,            0.034518,           0.0038368,             0.63405,             0.70106,             0.70199,             0.45586,            0.025285,            0.020073,            0.011644,           0.0078022,           0.0078022,           0.0078022
                 113,            0.028293,            0.033666,           0.0044817,             0.64731,             0.60306,             0.63568,             0.39703,            0.026216,             0.02141,            0.012996,           0.0077824,           0.0077824,           0.0077824
                 114,            0.029152,            0.034151,           0.0039033,             0.61584,             0.63517,             0.63964,             0.41151,            0.025324,            0.022032,            0.011592,           0.0077626,           0.0077626,           0.0077626
                 115,            0.029575,            0.033302,           0.0044439,             0.72345,             0.63387,             0.67628,             0.42065,            0.025203,            0.021705,            0.022335,           0.0077428,           0.0077428,           0.0077428
                 116,            0.029113,            0.034145,           0.0041765,              0.5986,             0.54913,             0.57879,             0.35024,            0.025213,            0.021166,            0.026521,            0.007723,            0.007723,            0.007723
                 117,            0.029301,            0.033681,           0.0039999,             0.61909,             0.64163,             0.64857,              0.3968,            0.025939,            0.021245,            0.023881,           0.0077032,           0.0077032,           0.0077032
                 118,             0.02858,             0.03363,           0.0041936,             0.62201,             0.68437,             0.68087,             0.43532,            0.026115,            0.020369,            0.011335,           0.0076834,           0.0076834,           0.0076834
                 119,            0.029579,            0.033197,           0.0042359,             0.62004,             0.64264,             0.64248,             0.40653,            0.026012,            0.020347,            0.017972,           0.0076636,           0.0076636,           0.0076636
                 120,            0.027898,            0.032527,           0.0037058,             0.59648,              0.6892,             0.62756,             0.38122,            0.026298,            0.021201,            0.019001,           0.0076438,           0.0076438,           0.0076438
                 121,            0.028269,            0.032683,           0.0037519,             0.67586,             0.61355,             0.67121,             0.42308,            0.025757,              0.0214,            0.018299,            0.007624,            0.007624,            0.007624
                 122,            0.027821,            0.033057,           0.0036193,             0.74561,             0.63581,             0.67503,             0.43387,            0.025552,             0.02112,            0.014844,           0.0076042,           0.0076042,           0.0076042
                 123,             0.02907,            0.032465,           0.0040158,             0.66942,             0.66655,              0.6732,             0.40943,            0.026327,            0.021811,            0.015431,           0.0075844,           0.0075844,           0.0075844
                 124,            0.027784,            0.034112,            0.004141,             0.72317,             0.62316,             0.67756,             0.43715,            0.025596,             0.02097,            0.012283,           0.0075646,           0.0075646,           0.0075646
                 125,            0.027603,            0.033264,           0.0038348,              0.6245,             0.68267,             0.68199,             0.41336,            0.025846,             0.02175,            0.015888,           0.0075448,           0.0075448,           0.0075448
                 126,             0.02698,            0.033158,           0.0037022,             0.62318,             0.66455,             0.67513,             0.42937,            0.025566,            0.021075,            0.023698,            0.007525,            0.007525,            0.007525
                 127,            0.028714,            0.033546,           0.0040456,             0.71864,             0.57002,             0.66994,             0.41648,            0.024523,            0.021404,            0.011453,           0.0075052,           0.0075052,           0.0075052
                 128,            0.027792,            0.032613,           0.0038143,             0.75436,             0.61401,             0.68451,             0.41746,            0.025965,            0.020766,            0.010672,           0.0074854,           0.0074854,           0.0074854
                 129,            0.028379,            0.032611,            0.003508,             0.75083,             0.57972,             0.70335,             0.43241,            0.025588,            0.021863,            0.019112,           0.0074656,           0.0074656,           0.0074656
                 130,            0.027642,            0.031939,           0.0041089,             0.83775,             0.57871,             0.70624,             0.43034,            0.024736,            0.020659,             0.01008,           0.0074458,           0.0074458,           0.0074458
                 131,            0.027267,            0.031978,           0.0040065,             0.71362,             0.63901,             0.70546,             0.44708,            0.025172,             0.02094,            0.012968,            0.007426,            0.007426,            0.007426
                 132,            0.028008,            0.033471,           0.0042461,             0.70789,             0.69765,             0.70566,             0.45381,            0.025075,            0.020127,            0.022498,           0.0074062,           0.0074062,           0.0074062
                 133,            0.027208,            0.031633,           0.0034313,             0.80321,             0.64528,             0.70607,             0.44063,            0.024836,            0.021963,            0.011891,           0.0073864,           0.0073864,           0.0073864
                 134,            0.028169,            0.031683,           0.0041162,             0.67973,              0.6657,               0.678,             0.41996,            0.025404,            0.021099,            0.014694,           0.0073666,           0.0073666,           0.0073666
                 135,            0.027688,             0.03191,           0.0036944,             0.57963,             0.72009,             0.64207,             0.39117,            0.025463,            0.021687,             0.01366,           0.0073468,           0.0073468,           0.0073468
                 136,            0.027389,             0.03125,           0.0034918,             0.73144,             0.65396,             0.68165,             0.41491,            0.024648,            0.021352,             0.01089,            0.007327,            0.007327,            0.007327
                 137,            0.027079,            0.030796,           0.0038317,             0.73696,             0.63738,             0.67828,             0.44039,            0.024605,            0.022245,            0.014035,           0.0073072,           0.0073072,           0.0073072
                 138,            0.026963,            0.031397,           0.0033228,             0.61501,             0.70555,             0.69928,             0.44829,            0.023884,              0.0202,            0.015179,           0.0072874,           0.0072874,           0.0072874
                 139,             0.02753,             0.03256,           0.0033846,             0.71979,             0.61859,             0.67698,             0.43891,            0.023859,            0.021498,            0.017962,           0.0072676,           0.0072676,           0.0072676
                 140,            0.027484,            0.031778,           0.0040874,             0.70162,             0.58221,             0.65926,             0.40845,            0.024913,            0.021984,            0.024438,           0.0072478,           0.0072478,           0.0072478
                 141,            0.027191,            0.030805,           0.0043334,             0.70373,               0.614,             0.63498,             0.39097,            0.025599,             0.02204,            0.017436,            0.007228,            0.007228,            0.007228
                 142,            0.027397,            0.031903,           0.0039821,             0.62581,             0.68415,             0.69043,             0.44095,            0.025532,            0.020755,            0.014015,           0.0072082,           0.0072082,           0.0072082
                 143,            0.026936,            0.031632,           0.0038824,             0.64287,             0.65659,              0.6871,             0.45528,            0.025181,            0.020994,            0.021002,           0.0071884,           0.0071884,           0.0071884
                 144,            0.027601,            0.031385,           0.0036903,             0.60988,             0.67223,             0.64786,             0.43616,            0.024154,            0.021438,             0.01961,           0.0071686,           0.0071686,           0.0071686
                 145,            0.026833,            0.031224,           0.0033649,             0.71003,             0.61019,             0.66378,             0.42686,            0.023791,            0.021374,            0.018695,           0.0071488,           0.0071488,           0.0071488
                 146,            0.026893,            0.031482,           0.0033661,             0.65164,             0.58139,             0.63712,             0.40668,            0.024526,            0.021444,            0.021811,            0.007129,            0.007129,            0.007129
                 147,            0.026124,            0.031421,           0.0035849,              0.6981,             0.61664,             0.65408,             0.41229,            0.024908,            0.022252,             0.01177,           0.0071092,           0.0071092,           0.0071092
                 148,            0.027413,            0.031968,           0.0032407,             0.65357,             0.66406,             0.66141,             0.42577,            0.024524,            0.021521,            0.019246,           0.0070894,           0.0070894,           0.0070894
                 149,            0.026425,            0.031104,           0.0031589,             0.66192,             0.59851,             0.64199,             0.41927,             0.02451,            0.020767,            0.017465,           0.0070696,           0.0070696,           0.0070696
                 150,            0.027066,            0.031949,           0.0037824,             0.66342,             0.62668,             0.65394,             0.41389,            0.024789,            0.021257,            0.016709,           0.0070498,           0.0070498,           0.0070498
                 151,            0.026713,            0.030993,             0.00375,             0.70839,             0.63714,             0.66272,              0.4223,             0.02483,            0.021366,            0.012942,             0.00703,             0.00703,             0.00703
                 152,            0.027443,            0.030888,            0.003731,             0.67607,             0.66983,             0.69227,             0.44071,            0.024951,            0.020752,            0.014449,           0.0070102,           0.0070102,           0.0070102
                 153,            0.026117,             0.03098,           0.0035353,             0.74719,             0.63825,             0.68302,             0.44825,            0.024737,            0.020564,            0.020065,           0.0069904,           0.0069904,           0.0069904
                 154,             0.02701,            0.031545,           0.0034794,             0.69454,             0.64836,             0.65726,             0.43754,            0.024293,            0.022182,            0.018079,           0.0069706,           0.0069706,           0.0069706
                 155,            0.025896,            0.030387,           0.0030421,             0.71952,             0.61963,             0.67071,             0.43208,             0.02474,            0.020829,            0.011792,           0.0069508,           0.0069508,           0.0069508
                 156,            0.026198,            0.030575,           0.0037842,             0.70862,             0.62088,             0.65719,             0.42754,            0.026298,            0.020914,            0.014985,            0.006931,            0.006931,            0.006931
                 157,            0.026139,            0.031833,            0.003785,             0.69716,              0.6708,              0.6957,             0.42071,             0.02612,            0.021492,            0.011426,           0.0069112,           0.0069112,           0.0069112
                 158,            0.025923,            0.031543,           0.0032669,              0.6594,             0.68481,             0.67546,             0.43226,            0.025578,            0.020962,            0.012204,           0.0068914,           0.0068914,           0.0068914
                 159,            0.025957,            0.030999,           0.0028795,             0.73625,             0.64836,             0.67082,              0.4272,            0.025592,            0.020653,            0.018808,           0.0068716,           0.0068716,           0.0068716
                 160,            0.025893,            0.029804,           0.0029731,             0.60727,             0.70589,             0.66654,             0.43874,            0.025555,            0.021966,            0.014657,           0.0068518,           0.0068518,           0.0068518
                 161,            0.026326,            0.031495,           0.0035273,             0.67358,             0.64393,             0.64538,             0.41757,            0.024732,            0.022233,            0.011823,            0.006832,            0.006832,            0.006832
                 162,            0.026272,            0.030854,           0.0033078,             0.72365,             0.64137,               0.676,             0.42433,            0.024833,            0.021884,            0.016209,           0.0068122,           0.0068122,           0.0068122
                 163,            0.025335,            0.030415,           0.0029555,             0.65419,             0.66623,             0.65085,             0.40828,            0.024928,            0.021614,            0.011293,           0.0067924,           0.0067924,           0.0067924
                 164,            0.025911,            0.031572,           0.0033402,              0.7039,             0.60085,             0.66371,             0.42101,            0.023958,            0.021969,            0.014444,           0.0067726,           0.0067726,           0.0067726
                 165,            0.026252,            0.030407,           0.0034523,             0.68013,             0.62951,             0.65015,             0.40235,            0.025891,            0.022341,            0.016512,           0.0067528,           0.0067528,           0.0067528
                 166,            0.025324,            0.029421,           0.0032968,             0.56667,             0.61019,             0.62142,             0.40209,            0.025392,            0.023255,            0.026605,            0.006733,            0.006733,            0.006733
                 167,            0.025601,            0.029823,           0.0031178,             0.61879,             0.62756,             0.64841,             0.42443,            0.026313,            0.022844,             0.02152,           0.0067132,           0.0067132,           0.0067132
                 168,            0.025904,            0.030063,           0.0031294,             0.68428,             0.64664,             0.67605,             0.45798,            0.024928,            0.022556,            0.015323,           0.0066934,           0.0066934,           0.0066934
                 169,            0.025091,            0.030174,           0.0028599,             0.65167,              0.6635,              0.6604,             0.43707,            0.024596,            0.022844,            0.016054,           0.0066736,           0.0066736,           0.0066736
                 170,             0.02521,            0.030129,           0.0033454,             0.70326,             0.59191,             0.66133,             0.43828,            0.024577,              0.0237,            0.012491,           0.0066538,           0.0066538,           0.0066538
                 171,            0.025915,            0.029324,           0.0033947,             0.67347,               0.625,             0.66933,             0.43282,             0.02569,            0.023327,            0.013795,            0.006634,            0.006634,            0.006634
                 172,            0.025973,            0.029319,           0.0033175,             0.70084,             0.61955,             0.66722,             0.43826,            0.024423,            0.020028,            0.012032,           0.0066142,           0.0066142,           0.0066142
                 173,            0.025245,            0.029509,           0.0029565,             0.77956,             0.55651,             0.66861,             0.44028,            0.024371,            0.021072,            0.019726,           0.0065944,           0.0065944,           0.0065944
                 174,            0.024625,            0.029476,           0.0026419,             0.65428,             0.64134,             0.64218,             0.42294,            0.024328,            0.022658,            0.016778,           0.0065746,           0.0065746,           0.0065746
                 175,            0.025484,             0.02911,           0.0029903,             0.73198,             0.59769,             0.64226,             0.42675,            0.024771,            0.022816,            0.023642,           0.0065548,           0.0065548,           0.0065548
                 176,            0.025916,            0.029227,            0.003391,             0.70876,             0.62799,             0.66909,             0.44014,            0.024333,            0.022321,            0.010623,            0.006535,            0.006535,            0.006535
                 177,            0.025764,            0.030119,           0.0033545,             0.60368,             0.66087,             0.65407,             0.44019,            0.023586,            0.021528,            0.012297,           0.0065152,           0.0065152,           0.0065152
                 178,            0.025284,            0.029605,           0.0032889,              0.6716,             0.60383,             0.64687,             0.42381,            0.024334,            0.022282,            0.013817,           0.0064954,           0.0064954,           0.0064954
                 179,            0.025142,            0.028406,           0.0031932,             0.69714,             0.66828,             0.65833,             0.43005,            0.024371,            0.021995,            0.015612,           0.0064756,           0.0064756,           0.0064756
                 180,            0.025335,            0.028716,           0.0028257,             0.68797,             0.62488,             0.66047,             0.42945,            0.024891,            0.021694,            0.011745,           0.0064558,           0.0064558,           0.0064558
                 181,            0.025619,            0.029619,           0.0027682,             0.74668,             0.60402,              0.6524,             0.41131,            0.025497,            0.022203,            0.024591,            0.006436,            0.006436,            0.006436
                 182,            0.024562,            0.028686,           0.0028348,             0.76273,             0.60337,             0.67283,             0.44393,            0.024904,            0.023262,            0.020204,           0.0064162,           0.0064162,           0.0064162
                 183,            0.025259,            0.029413,           0.0028309,             0.63716,              0.6905,             0.67725,             0.44273,            0.025012,            0.022955,             0.01624,           0.0063964,           0.0063964,           0.0063964
                 184,            0.025545,            0.028637,           0.0030676,             0.76333,             0.54557,             0.66187,             0.43016,            0.024467,            0.022159,            0.021212,           0.0063766,           0.0063766,           0.0063766
                 185,            0.024949,            0.029758,            0.002999,             0.77721,             0.58713,             0.64142,             0.42006,            0.025086,            0.022973,            0.017102,           0.0063568,           0.0063568,           0.0063568
                 186,            0.024637,            0.028999,           0.0027487,             0.65506,              0.6509,             0.65898,             0.41662,            0.025278,            0.023144,            0.014382,            0.006337,            0.006337,            0.006337
                 187,            0.025309,            0.029837,           0.0029162,             0.66651,             0.58327,             0.64477,             0.41826,            0.024308,            0.022912,            0.014378,           0.0063172,           0.0063172,           0.0063172
                 188,            0.024594,            0.029155,           0.0029513,             0.69824,             0.62457,             0.66218,             0.42056,            0.025003,            0.023328,            0.017143,           0.0062974,           0.0062974,           0.0062974
                 189,            0.024258,            0.029625,           0.0026768,             0.73788,             0.60329,             0.66864,             0.44048,            0.025006,            0.022991,            0.011647,           0.0062776,           0.0062776,           0.0062776
                 190,            0.024384,            0.029419,           0.0027067,             0.68881,             0.65189,             0.65418,             0.41818,             0.02506,            0.023091,            0.011165,           0.0062578,           0.0062578,           0.0062578
                 191,             0.02464,            0.028696,           0.0029471,             0.68698,             0.67082,             0.66207,             0.44142,            0.024449,             0.02258,            0.016251,            0.006238,            0.006238,            0.006238
                 192,            0.024982,            0.027991,           0.0027149,             0.68483,             0.66749,             0.67383,             0.43708,            0.023936,            0.022407,            0.011935,           0.0062182,           0.0062182,           0.0062182
                 193,            0.024739,            0.029068,           0.0031016,             0.75852,             0.57234,             0.66055,             0.43935,            0.024355,            0.022517,           0.0095701,           0.0061984,           0.0061984,           0.0061984
                 194,            0.024496,            0.028237,           0.0033408,             0.72472,             0.60298,             0.63767,             0.42185,             0.02495,            0.022937,            0.011039,           0.0061786,           0.0061786,           0.0061786
                 195,            0.024552,            0.029153,            0.002966,             0.67138,              0.6763,             0.67716,             0.44297,            0.024021,             0.02257,            0.013299,           0.0061588,           0.0061588,           0.0061588
                 196,             0.02449,            0.028955,           0.0030926,             0.67666,             0.65688,             0.65192,              0.4268,            0.024272,            0.023059,            0.019017,            0.006139,            0.006139,            0.006139
                 197,            0.025275,            0.029421,           0.0034848,             0.65679,             0.67066,             0.64675,             0.41712,            0.025193,            0.023084,            0.011999,           0.0061192,           0.0061192,           0.0061192
                 198,            0.024201,            0.028013,           0.0028245,             0.70275,             0.62898,              0.6664,             0.43712,            0.025209,            0.022684,            0.014868,           0.0060994,           0.0060994,           0.0060994
                 199,            0.023798,            0.028455,           0.0026295,             0.66597,             0.63126,             0.63476,             0.42244,            0.024442,            0.022914,            0.024855,           0.0060796,           0.0060796,           0.0060796
                 200,             0.02411,            0.028586,           0.0028737,             0.71077,             0.64575,             0.67725,             0.44917,            0.024631,            0.023261,            0.012198,           0.0060598,           0.0060598,           0.0060598
                 201,            0.024091,              0.0284,            0.002941,             0.74572,             0.61815,              0.6721,             0.44128,            0.023984,            0.023196,            0.019145,             0.00604,             0.00604,             0.00604
                 202,             0.02394,            0.028267,           0.0032016,             0.65591,             0.66087,             0.66284,             0.43732,            0.024411,            0.022971,            0.017217,           0.0060202,           0.0060202,           0.0060202
                 203,            0.023857,              0.0282,             0.00287,             0.67532,             0.59077,             0.64388,             0.42791,            0.024809,            0.022654,            0.014696,           0.0060004,           0.0060004,           0.0060004
                 204,            0.024131,            0.027925,           0.0030199,             0.67163,             0.59362,             0.65386,             0.42086,            0.024473,            0.022639,             0.01901,           0.0059806,           0.0059806,           0.0059806
                 205,            0.024615,            0.029415,           0.0025686,             0.70592,             0.64406,             0.66888,              0.4291,            0.023745,            0.022037,            0.012748,           0.0059608,           0.0059608,           0.0059608
                 206,            0.023518,            0.027562,           0.0025524,             0.58211,             0.67575,             0.65464,             0.42145,            0.023849,            0.022668,           0.0098423,            0.005941,            0.005941,            0.005941
                 207,            0.023662,            0.027422,           0.0029371,             0.67755,             0.57683,             0.62294,             0.39308,            0.024737,            0.024016,            0.010962,           0.0059212,           0.0059212,           0.0059212
                 208,            0.024206,            0.028632,            0.002805,             0.65752,              0.6707,             0.65827,             0.43278,            0.023793,            0.022507,            0.011614,           0.0059014,           0.0059014,           0.0059014
                 209,            0.023526,            0.027632,           0.0030732,             0.71299,             0.63069,             0.67946,             0.42419,            0.024207,            0.022235,            0.013924,           0.0058816,           0.0058816,           0.0058816
                 210,            0.023882,            0.027099,            0.003086,             0.73276,             0.63375,             0.68364,             0.44374,            0.024793,             0.02344,           0.0098945,           0.0058618,           0.0058618,           0.0058618
                 211,            0.023977,            0.028101,           0.0025242,             0.64404,             0.66392,             0.64781,             0.43218,            0.023485,            0.023005,            0.013393,            0.005842,            0.005842,            0.005842
                 212,            0.023574,            0.028634,           0.0023839,             0.70797,             0.60086,             0.65613,             0.42319,            0.024795,            0.025399,            0.012259,           0.0058222,           0.0058222,           0.0058222
